"","State","SourceYear","Reservoir.Water.Level","SDP","Gini","Literacy","Rainfall","HydroPower","PerCapitaIncome","MortalityRate","Unemployment","EEP","GiniState","SDP2","SDP3","Dsouth","Dnortheast","Dcentre","Dwest","Dnorth","Deast","region"
"1","ANDHRA PRADESH",2011,990.62,339996,0.28,67.02,861.9,NA,69000,46,13,NA,NA,115597280016,39302612816319936,1,0,0,0,0,0,"South"
"2","ANDHRA PRADESH",2012,931.54,341335,0.28,67.02,1318.4,NA,74687,46,17,NA,NA,116509582225,39768798248770376,1,0,0,0,0,0,"South"
"3","ANDHRA PRADESH",2013,990.01,360239,0.28,67.02,1120.5,NA,82870,46,17,NA,NA,129772137121,46748984904331920,1,0,0,0,0,0,"South"
"4","ANDHRA PRADESH",2014,961.53,397064,0.28,67.02,874.9,3149.59,93903,46,17,598,NA,157659820096,62601038806598144,1,0,0,0,0,0,"South"
"5","ANDHRA PRADESH",2015,865.32,446997,0.28,67.02,1010.9,1904.47,108002,37,17,598,0.27,199806318009,89312824731068976,1,0,0,0,0,0,"South"
"6","ANDHRA PRADESH",2016,850.83,477566,0.28,67.02,908.9,1824.42,120676,34,17,598,0.27,228069284356,108918135852757504,1,0,0,0,0,0,"South"
"7","ANDHRA PRADESH",2017,15147.551,526626,0.291,67.02,892.7,2268.8,138299,32,45,598,0.27,277334943876,146051792153642368,1,0,0,0,0,0,"South"
"8","ANDHRA PRADESH",2018,15726.885,558862,0.291,67.02,892.7,2272.94,154031,32,49,598,0.27,312326735044,174547543800159936,1,0,0,0,0,0,"South"
"9","ANDHRA PRADESH",2019,17672.053,595658,0.291,67.02,892.7,2498.35,169320,32,49,319,0.27,354808452964,211344493475630304,1,0,0,0,0,0,"South"
"10","ANDHRA PRADESH",2020,10776.976,593869,0.291,67.02,892.7,2498.35,169320,32,49,319,0.27,352680389161,209445950030653920,1,0,0,0,0,0,"South"
"11","ANDHRA PRADESH",2021,3572.264,661432,0.291,67.02,892.7,2498.35,169320,32,49,319,0.27,437492290624,289371400772013568,1,0,0,0,0,0,"South"
"12","CHHATTISGARH",2011,4174.14,142273,0.32,70.28,1302.7,2498.35,55177,51,9,319,0.27,20241606529,2879834085700417,0,0,1,0,0,0,"Centre"
"13","CHHATTISGARH",2012,4206.51,148760,0.32,70.28,1377.4,2498.35,60849,51,11,319,0.27,22129537600,3291990013376000,0,0,1,0,0,0,"Centre"
"14","CHHATTISGARH",2013,4199.24,163494,0.32,70.28,1420,2498.35,69880,51,11,319,0.27,26730288036,4370241712157784,0,0,1,0,0,0,"Centre"
"15","CHHATTISGARH",2014,4221.285,165354,0.32,70.28,1278.7,258.18,72936,51,11,211,0.27,27341945316,4521100025781864,0,0,1,0,0,0,"Centre"
"16","CHHATTISGARH",2015,4182.19,168879,0.32,70.28,1117.6,323.3,72991,41,11,211,0.342,28520116641,4816448778215439,0,0,1,0,0,0,"Centre"
"17","CHHATTISGARH",2016,4170.56,187541,0.32,70.28,1315.8,153.76,83285,39,11,211,0.342,35171626681,6596122039381421,0,0,1,0,0,0,"Centre"
"18","CHHATTISGARH",2017,4182.575,194073,0.32,70.28,1124.4,178.07,89690,38,27,211,0.342,37664329329,7309629385867017,0,0,1,0,0,0,"Centre"
"19","CHHATTISGARH",2018,4188.135,209211,0.32,70.28,1124.4,243.08,98254,38,26,211,0.342,43769242521,9157006997060932,0,0,1,0,0,0,"Centre"
"20","CHHATTISGARH",2019,5033.325,220624,0.32,70.28,1124.4,212.01,105089,38,26,166,0.342,48674949376,10738862031130624,0,0,1,0,0,0,"Centre"
"21","CHHATTISGARH",2020,6757.68,215126,0.32,70.28,1124.4,212.01,105089,38,26,166,0.342,46279195876,9955858292020376,0,0,1,0,0,0,"Centre"
"22","CHHATTISGARH",2021,2800.63,NA,0.32,70.28,1124.4,212.01,105089,38,26,166,0.342,NA,NA,0,0,1,0,0,0,"Centre"
"23","GUJARAT",2011,2762.02,532809,0.27,78.03,890.5,212.01,87481,44,8,166,0.342,283885430481,151256712329151136,0,0,0,1,0,0,"West"
"24","GUJARAT",2012,2718.88333333333,596659,0.27,78.03,714,212.01,102826,44,4,166,0.342,356001962281,212411774812619168,0,0,0,1,0,0,"West"
"25","GUJARAT",2013,2726.05666666667,641489,0.27,78.03,1118.6,212.01,113139,44,4,166,0.342,411508137121,263977943373613184,0,0,0,1,0,0,"West"
"26","GUJARAT",2014,2748.54222222222,705629,0.27,78.03,705.7,3811.58,127017,44,4,334,0.342,497912285641,351341348204573184,0,0,0,1,0,0,"West"
"27","GUJARAT",2015,2722.85888888889,774775,0.27,78.03,622.9,2951.85,139254,33,4,334,0.269,600276300625,465079070816734400,0,0,0,1,0,0,"West"
"28","GUJARAT",2016,2684.11555555556,843930,0.27,78.03,764.9,3943.88,156295,30,4,334,0.269,712217844900,601062005846456960,0,0,0,1,0,0,"West"
"29","GUJARAT",2017,16602.5752941176,946511,0.262941176470588,78.03,1024.4,1551.92,176961,30,55,334,0.269,895883073121,847963183422830848,0,0,0,1,0,0,"West"
"30","GUJARAT",2018,17611.5952941176,1034399,0.262941176470588,78.03,1024.4,1042.81,197457,30,38,334,0.269,1069981291201,1106787577637023232,0,0,0,1,0,0,"West"
"31","GUJARAT",2019,17622.9682352941,1110179,0.262941176470588,78.03,1024.4,4587.04,212428,30,38,371,0.269,1232497412041,1368292744402265344,0,0,0,1,0,0,"West"
"32","GUJARAT",2020,17129.2411764706,1099259,0.262941176470588,78.03,1024.4,4587.04,212428,30,38,371,0.269,1208370349081,1328311981560431104,0,0,0,1,0,0,"West"
"33","GUJARAT",2021,6905.66764705882,NA,0.262941176470588,78.03,1024.4,4587.04,212428,30,38,371,0.269,NA,NA,0,0,0,1,0,0,"West"
"34","HIMACHAL PRADESH",2011,5641.29,60536,0.333333333333333,82.8,1108.3,4587.04,87721,40,19,371,0.269,3664607296,221840667270656,0,0,0,0,1,0,"North"
"35","HIMACHAL PRADESH",2012,5537.75666666667,64519,0.333333333333333,82.8,951.6,4587.04,99730,40,11,371,0.269,4162701361,268573329110359,0,0,0,0,1,0,"North"
"36","HIMACHAL PRADESH",2013,5608.08333333333,69398,0.333333333333333,82.8,1211.9,4587.04,114095,40,11,371,0.269,4816082404,334226486672792,0,0,0,0,1,0,"North"
"37","HIMACHAL PRADESH",2014,5597.28,74553,0.333333333333333,82.8,1008.7,33573.52,123299,40,11,38,0.269,5558149809,414376742710377,0,0,0,0,1,0,"North"
"38","HIMACHAL PRADESH",2015,5613.76,80563,0.333333333333333,82.8,1210.5,38586.58,135512,28,11,38,0.2,6490396969,522885851013547,0,0,0,0,1,0,"North"
"39","HIMACHAL PRADESH",2016,5530.34,88112,0.333333333333333,82.8,921.5,37049.74,150290,25,11,38,0.2,7763724544,684077297020928,0,0,0,0,1,0,"North"
"40","HIMACHAL PRADESH",2017,5537.59333333333,93525,0.333333333333333,82.8,1182.2,38783,165497,22,62,38,0.2,8746925625,818056219078125,0,0,0,0,1,0,"North"
"41","HIMACHAL PRADESH",2018,5524.15666666667,99218,0.333333333333333,82.8,1182.2,35908.55,174804,22,53,38,0.2,9844211524,976722978988232,0,0,0,0,1,0,"North"
"42","HIMACHAL PRADESH",2019,5363.49,102613,0.31,82.8,1182.2,37705.6,185728,22,53,45,0.2,10529427769,1080456171660397,0,0,0,0,1,0,"North"
"43","HIMACHAL PRADESH",2020,6113.8725,98132,0.31,82.8,1182.2,37705.6,185728,22,53,45,0.2,9629889424,945000308955968,0,0,0,0,1,0,"North"
"44","HIMACHAL PRADESH",2021,2476.475,106004,0.31,82.8,1182.2,37705.6,185728,22,53,45,0.2,11236848016,1191150837088064,0,0,0,0,1,0,"North"
"45","JHARKHAND",2011,5249.15333333333,137383,0.29,66.41,1374.7,37705.6,41254,42,46,45,0.2,18874088689,2592978926360887,0,0,0,0,0,1,"East"
"46","JHARKHAND",2012,5264.88666666667,149526,0.29,66.41,1065,37705.6,47360,42,18,45,0.2,22358024676,3343105997703576,0,0,0,0,0,1,"East"
"47","JHARKHAND",2013,5267.63666666667,150609,0.29,66.41,1253.6,37705.6,50006,42,18,45,0.2,22683070881,3416274622316529,0,0,0,0,0,1,"East"
"48","JHARKHAND",2014,5280.14333333333,170568,0.29,66.41,1156.6,162.99,57301,42,18,240,0.2,29093442624,4962410321490432,0,0,0,0,0,1,"East"
"49","JHARKHAND",2015,5247.01,158231,0.29,66.41,1081.8,120.21,52754,32,18,240,0.396,25037049361,3961637357440391,0,0,0,0,0,1,"East"
"50","JHARKHAND",2016,5242.65,176363,0.29,66.41,1264,163.64,60018,29,18,240,0.396,31103907769,5485578485864147,0,0,0,0,0,1,"East"
"51","JHARKHAND",2017,5259.67,191573,0.29,66.41,1165.8,332.32,67484,29,78,240,0.396,36700214329,7030770159649517,0,0,0,0,0,1,"East"
"52","JHARKHAND",2018,5246.66,208701,0.29,66.41,1165.8,180.98,75421,29,58,240,0.396,43556107401,9090203170696100,0,0,0,0,0,1,"East"
"53","JHARKHAND",2019,5242.04,209913,0.29,66.41,1165.8,134.98,75016,29,58,229,0.396,44063467569,9249494667811496,0,0,0,0,0,1,"East"
"54","JHARKHAND",2020,5279.5,196467,0.29,66.41,1165.8,134.98,75016,29,58,229,0.396,38599282089,7583485154179563,0,0,0,0,0,1,"East"
"55","JHARKHAND",2021,2191.32666666667,213681,0.29,66.41,1165.8,134.98,75016,29,58,229,0.396,45659569761,9756582526100240,0,0,0,0,0,1,"East"
"56","KARNATAKA",2011,9717.65833333333,554952,0.231666666666667,75.36,3908.6,134.98,90263,38,5,229,0.396,307971722304,170909523236049408,1,0,0,0,0,0,"South"
"57","KARNATAKA",2012,9647.46666666667,593192,0.231666666666667,75.36,3908.6,134.98,102319,38,12,229,0.396,351876748864,208730472412133888,1,0,0,0,0,0,"South"
"58","KARNATAKA",2013,9671.9,646787,0.231666666666667,75.36,4229.4,134.98,118829,38,12,229,0.396,418333423369,270572619900565408,1,0,0,0,0,0,"South"
"59","KARNATAKA",2014,9673.91666666667,671283,0.231666666666667,75.36,3684.4,13160.29,130024,38,12,434,0.396,450620866089,302494126850822208,1,0,0,0,0,0,"South"
"60","KARNATAKA",2015,9641.18166666667,749952,0.231666666666667,75.36,3106,7479.37,148108,28,12,434,0.257,562428002304,421794005183889408,1,0,0,0,0,0,"South"
"61","KARNATAKA",2016,9614.47,851394,0.231666666666667,75.36,2619.7,6772.35,169898,24,12,434,0.257,724871743236,617151452960670976,1,0,0,0,0,0,"South"
"62","KARNATAKA",2017,9631.07333333333,915642,0.231666666666667,75.36,2947.6,7142.62,185840,25,40,434,0.257,838400272164,767674502004789248,1,0,0,0,0,0,"South"
"63","KARNATAKA",2018,9673.92166666667,974815,0.231666666666667,75.36,2947.6,12187.69,204804,25,32,434,0.257,950264284225,926331878226793344,1,0,0,0,0,0,"South"
"64","KARNATAKA",2019,10217.1033333333,1030357,0.231666666666667,75.36,2947.6,11246.23,222002,25,32,478,0.257,1061635547449,1093863617762909312,1,0,0,0,0,0,"South"
"65","KARNATAKA",2020,10627.6666666667,1026875,0.231666666666667,75.36,2947.6,11246.23,222002,25,32,478,0.257,1054472265625,1082811207763671936,1,0,0,0,0,0,"South"
"66","KARNATAKA",2021,4406.245,1127480,0.231666666666667,75.36,2947.6,11246.23,222002,25,32,478,0.257,1271211150400,1433265147852992000,1,0,0,0,0,0,"South"
"67","KERALA",2011,8770.5775,328021,0.3625,94,3035.1,11246.23,97912,13,32,478,0.257,107597776441,35294330225953260,1,0,0,0,0,0,"South"
"68","KERALA",2012,8641.855,348616,0.3625,94,2151.1,11246.23,110314,13,31,478,0.257,121533115456,42368388577808896,1,0,0,0,0,0,"South"
"69","KERALA",2013,8730.8175,364707,0.3625,94,3255.4,11246.23,123388,13,31,478,0.257,133011195849,48510114204501240,1,0,0,0,0,0,"South"
"70","KERALA",2014,8726.365,382134,0.3625,94,3046.4,6852.65,135537,13,31,269,0.257,146026393956,55801650027982104,1,0,0,0,0,0,"South"
"71","KERALA",2015,8716.9775,411150,0.3625,94,2600.6,6363.75,148133,12,31,269,0.169,169044322500,69502573195875000,1,0,0,0,0,0,"South"
"72","KERALA",2016,8684.695,443615,0.3625,94,1870.9,4067.49,166246,10,31,269,0.169,196794268225,87300889298633376,1,0,0,0,0,0,"South"
"73","KERALA",2017,8668.2475,473182,0.3625,94,2664.9,5199.26,183252,10,59,269,0.169,223901205124,105946020042984576,1,0,0,0,0,0,"South"
"74","KERALA",2018,8792.7575,510787,0.3625,94,2664.9,7320.21,205437,10,47,269,0.169,260903359369,133266044222013408,1,0,0,0,0,0,"South"
"75","KERALA",2019,8702.8875,521455,0.3625,94,2664.9,4630.48,213041,10,47,227,0.169,271915317025,141791601639271376,1,0,0,0,0,0,"South"
"76","KERALA",2020,8735.5825,472272,0.3625,94,2664.9,4630.48,213041,10,47,227,0.169,223040841984,105335944525467648,1,0,0,0,0,0,"South"
"77","KERALA",2021,3639.5125,506107,0.3625,94,2664.9,4630.48,213041,10,47,227,0.169,256144295449,129636420936807040,1,0,0,0,0,0,"South"
"78","MADHYA PRADESH",2011,4315.26777777778,282371,0.298888888888889,69.32,1063.9,4630.48,38497,62,8,227,0.169,79733381641,22514394707350812,0,0,1,0,0,0,"Centre"
"79","MADHYA PRADESH",2012,4329.09,306853,0.298888888888889,69.32,1035.2,4630.48,44773,62,6,227,0.169,94158763609,28892899089712476,0,0,1,0,0,0,"Centre"
"80","MADHYA PRADESH",2013,4344.79777777778,322598,0.298888888888889,69.32,1396.3,4630.48,51849,62,6,227,0.169,104069469604,33572602755311192,0,0,1,0,0,0,"Centre"
"81","MADHYA PRADESH",2014,4341.36111111111,339247,0.298888888888889,69.32,864.9,5909.62,55678,62,6,378,0.169,115088527009,39043437522222224,0,0,1,0,0,0,"Centre"
"82","MADHYA PRADESH",2015,4329.91888888889,370716,0.298888888888889,69.32,1042.3,4491.31,62080,50,6,378,0.376,137430352656,50947630615221696,0,0,1,0,0,0,"Centre"
"83","MADHYA PRADESH",2016,4335.12555555556,419465,0.298888888888889,69.32,1098,7156.66,74324,47,6,378,0.376,175950886225,73805238490369632,0,0,1,0,0,0,"Centre"
"84","MADHYA PRADESH",2017,4329.00333333333,441956,0.298888888888889,69.32,769,2586.81,81966,47,45,378,0.376,195325105936,86325102519050816,0,0,1,0,0,0,"Centre"
"85","MADHYA PRADESH",2018,4316.50222222222,482361,0.298888888888889,69.32,769,3396.67,92486,47,30,378,0.376,232672134321,112231963383211888,0,0,1,0,0,0,"Centre"
"86","MADHYA PRADESH",2019,3986.45222222222,508146,0.298888888888889,69.32,769,5379.73,103103,47,30,438,0.376,258212357316,131209576520696128,0,0,1,0,0,0,"Centre"
"87","MADHYA PRADESH",2020,4366.98222222222,490238,0.298888888888889,69.32,769,5379.73,103103,47,30,438,0.376,240333296644,117820514680161280,0,0,1,0,0,0,"Centre"
"88","MADHYA PRADESH",2021,1804.69222222222,539180,0.298888888888889,69.32,769,5379.73,103103,47,30,438,0.376,290715072400,156747752736632000,0,0,1,0,0,0,"Centre"
"89","MAHARASHTRA",2011,17833.895,1126595,0.285,82.34,852.6,5379.73,99597,28,7,438,0.376,1269216294025,1429892730767094784,0,0,0,1,0,0,"West"
"90","MAHARASHTRA",2012,18830.61,1189711,0.285,82.34,689.8,5379.73,112092,28,9,438,0.376,1415412263521,1683931539445832448,0,0,0,1,0,0,"West"
"91","MAHARASHTRA",2013,18892.5591666667,1267551,0.285,82.34,962.4,5379.73,125261,28,9,438,0.376,1606685537601,2036555859871685120,0,0,0,1,0,0,"West"
"92","MAHARASHTRA",2014,18878.2791666667,1345341,0.285,82.34,838,5678.01,132836,28,9,897,0.376,1809942406281,2434989726808486912,0,0,0,1,0,0,"West"
"93","MAHARASHTRA",2015,18813.4833333333,1452513,0.285,82.34,644.5,5078.88,146815,21,9,897,0.275,2109794015169,3064503234355169792,0,0,0,1,0,0,"West"
"94","MAHARASHTRA",2016,18799.255,1596121,0.285,82.34,906.3,5923.7,163726,19,9,897,0.275,2547602246641,4066281445510879744,0,0,0,1,0,0,"West"
"95","MAHARASHTRA",2017,18423.4883333333,1661065,0.285,82.34,994.4,4861.12,172663,19,35,897,0.275,2759136934225,4583105791648449536,0,0,0,1,0,0,"West"
"96","MAHARASHTRA",2018,18896.5541666667,1728578,0.285,82.34,994.4,5076.86,186074,19,46,897,0.275,2987981902084,5164959780340556800,0,0,0,1,0,0,"West"
"97","MAHARASHTRA",2019,20596.64,1782903,0.285,82.34,994.4,5147.44,196100,19,46,867,0.275,3178743107409,5667390622428828672,0,0,0,1,0,0,"West"
"98","MAHARASHTRA",2020,25429.2225,1653094,0.285,82.34,994.4,5147.44,196100,19,46,867,0.275,2732719772836,4517442660156554752,0,0,0,1,0,0,"West"
"99","MAHARASHTRA",2021,10521.9233333333,NA,0.285,82.34,994.4,5147.44,196100,19,46,867,0.275,NA,NA,0,0,0,1,0,0,"West"
"100","NAGALAND",2011,3805.33,10554,0.23,79.55,994.4,5147.44,53010,23,98,867,0.275,111386916,1175577511464,0,1,0,0,0,0,"Northeast"
"101","NAGALAND",2012,3779.34,11163,0.23,79.55,994.4,5147.44,61225,23,146,867,0.275,124612569,1391050107747,0,1,0,0,0,0,"Northeast"
"102","NAGALAND",2013,3790.3,11923,0.23,79.55,994.4,5147.44,71510,23,146,867,0.275,142157929,1694948987467,0,1,0,0,0,0,"Northeast"
"103","NAGALAND",2014,3773,12406,0.23,79.55,994.4,165.15,78367,23,146,3,0.275,153908836,1909393019416,0,1,0,0,0,0,"Northeast"
"104","NAGALAND",2015,3764.25,12600,0.23,79.55,994.4,163.14,82466,12,146,3,0.274,158760000,2.000376e+12,0,1,0,0,0,0,"Northeast"
"105","NAGALAND",2016,3783.05,13488,0.23,79.55,994.4,258.94,91347,12,146,3,0.274,181926144,2453819830272,0,1,0,0,0,0,"Northeast"
"106","NAGALAND",2017,3797.3,14178,0.23,79.55,994.4,274.39,102003,7,190,3,0.274,201015684,2850000367752,0,1,0,0,0,0,"Northeast"
"107","NAGALAND",2018,3786.4,15055,0.23,79.55,994.4,231.47,109198,7,144,3,0.274,226653025,3412261291375,0,1,0,0,0,0,"Northeast"
"108","NAGALAND",2019,2521.89,15853,0.23,79.55,994.4,169.72,122759,7,144,4,0.274,251317609,3984138055477,0,1,0,0,0,0,"Northeast"
"109","NAGALAND",2020,3793.75,15200,0.23,79.55,994.4,169.72,122759,7,144,4,0.274,231040000,3.511808e+12,0,1,0,0,0,0,"Northeast"
"110","NAGALAND",2021,1568.95,NA,0.23,79.55,994.4,169.72,122759,7,144,4,0.274,NA,NA,0,1,0,0,0,0,"Northeast"
"111","ODISHA",2011,7155.11,NA,0.2875,79.55,994.4,169.72,48387,61,31,4,0.274,NA,NA,0,0,0,0,0,1,"East"
"112","ODISHA",2012,7159.14,NA,0.2875,79.55,994.4,169.72,54762,61,23,4,0.274,NA,NA,0,0,0,0,0,1,"East"
"113","ODISHA",2013,7195.3475,NA,0.2875,79.55,994.4,169.72,60687,61,23,4,0.274,NA,NA,0,0,0,0,0,1,"East"
"114","ODISHA",2014,7231.8175,NA,0.2875,79.55,994.4,6919.49,63345,61,23,151,0.274,NA,NA,0,0,0,0,0,1,"East"
"115","ODISHA",2015,6157.066,NA,0.278,79.55,994.4,4910.34,64835,46,23,151,0.36,NA,NA,0,0,0,0,0,1,"East"
"116","ODISHA",2016,6132.744,NA,0.278,79.55,994.4,5113.2,77507,44,23,151,0.36,NA,NA,0,0,0,0,0,1,"East"
"117","ODISHA",2017,6142.68,NA,0.278,79.55,994.4,6022.99,87055,41,74,151,0.36,NA,NA,0,0,0,0,0,1,"East"
"118","ODISHA",2018,6159.384,NA,0.278,79.55,994.4,6777.45,98005,41,66,151,0.36,NA,NA,0,0,0,0,0,1,"East"
"119","ODISHA",2019,5969.644,NA,0.278,79.55,994.4,5806.98,103512,41,66,174,0.36,NA,NA,0,0,0,0,0,1,"East"
"120","ODISHA",2020,6136.87,NA,0.278,79.55,994.4,5806.98,103512,41,66,174,0.36,NA,NA,0,0,0,0,0,1,"East"
"121","ODISHA",2021,2555.44,NA,0.278,79.55,994.4,5806.98,103512,41,66,174,0.36,NA,NA,0,0,0,0,0,1,"East"
"122","RAJASTHAN",2011,7392.3,395331,0.23,66.11,418.7,5806.98,57192,55,6,174,0.36,156286599561,61784937691049688,0,0,0,1,0,0,"West"
"123","RAJASTHAN",2012,7525.05,409802,0.23,66.11,327.3,5806.98,63658,55,9,174,0.36,167937679204,68821196813157608,0,0,0,1,0,0,"West"
"124","RAJASTHAN",2013,7556.05,434292,0.23,66.11,389.4,5806.98,69480,55,9,174,0.36,188609541264,81911614894625088,0,0,0,1,0,0,"West"
"125","RAJASTHAN",2014,7537.5,465408,0.23,66.11,302.4,863.33,76429,55,9,278,0.36,216604606464,100809516685197312,0,0,0,1,0,0,"West"
"126","RAJASTHAN",2015,7515.45,501922,0.23,66.11,458.4,1033.8,83426,43,9,278,0.34,251925694084,126447048226029440,0,0,0,1,0,0,"West"
"127","RAJASTHAN",2016,7462.88,529650,0.23,66.11,347,965.99,91924,41,9,278,0.34,280529122500,148582249732124992,0,0,0,1,0,0,"West"
"128","RAJASTHAN",2017,7547.15,557618,0.23,66.11,408.3,819.53,98698,38,58,278,0.34,310937833924,173384533077033024,0,0,0,1,0,0,"West"
"129","RAJASTHAN",2018,7524.1,568102,0.23,66.11,408.3,698.4,106624,38,59,278,0.34,322739882404,183349172673477216,0,0,0,1,0,0,"West"
"130","RAJASTHAN",2019,4547.985,598550,0.26,66.11,408.3,471.5,115356,38,59,249,0.34,358262102500,214437781451375008,0,0,0,1,0,0,"West"
"131","RAJASTHAN",2020,5644.94,583645,0.26,66.11,408.3,471.5,115356,38,59,249,0.34,340641486025,198813700111061120,0,0,0,1,0,0,"West"
"132","RAJASTHAN",2021,2324.885,648142,0.26,66.11,408.3,471.5,115356,38,59,249,0.34,420088052164,272276710305679296,0,0,0,1,0,0,"West"
"133","TAMIL NADU",2011,7909.9425,674478,0.2875,80.09,926.5,471.5,93112,24,15,249,0.34,454920572484,306833917887863360,1,0,0,0,0,0,"South"
"134","TAMIL NADU",2012,7806.93,709343,0.2875,80.09,636.1,471.5,105340,24,21,249,0.34,503167491649,356918338028776576,1,0,0,0,0,0,"South"
"135","TAMIL NADU",2013,7799.5125,750416,0.2875,80.09,741.9,471.5,116960,24,21,249,0.34,563124173056,422577389447991296,1,0,0,0,0,0,"South"
"136","TAMIL NADU",2014,7808.2075,791915,0.2875,80.09,913,5058.95,129494,24,21,845,0.34,627129367225,496633152845985856,1,0,0,0,0,0,"South"
"137","TAMIL NADU",2015,7829.31,862437,0.2875,80.09,1204.6,4474.27,142028,19,21,845,0.237,743797578969,641478552613287424,1,0,0,0,0,0,"South"
"138","TAMIL NADU",2016,7710.785,922084,0.2875,80.09,535,2397.12,156595,17,21,845,0.237,850238903056,783991688685488640,1,0,0,0,0,0,"South"
"139","TAMIL NADU",2017,7709.2325,1000308,0.2875,80.09,973,2919.6,175276,16,88,845,0.237,1000616094864,1000924284621218048,1,0,0,0,0,0,"South"
"140","TAMIL NADU",2018,7829.595,1071602,0.2875,80.09,973,5281.59,194373,16,70,845,0.237,1148330846404,1230553631668219136,1,0,0,0,0,0,"South"
"141","TAMIL NADU",2019,7836.2675,1099402,0.2875,80.09,973,4175.93,206165,16,70,850,0.237,1208684757604,1328830439879352832,1,0,0,0,0,0,"South"
"142","TAMIL NADU",2020,7867.935,1094471,0.2875,80.09,973,4175.93,206165,16,70,850,0.237,1197866769841,1311030441454649088,1,0,0,0,0,0,"South"
"143","TAMIL NADU",2021,3263.07,1181923,0.2875,80.09,973,4175.93,206165,16,70,850,0.237,1396941977929,1651077853379777536,1,0,0,0,0,0,"South"
"144","TELANGANA",2011,3621.91,325139,0.235,80.09,753.1,4175.93,91121,23,70,850,0.237,105715369321,34372189465660620,1,0,0,0,0,0,"South"
"145","TELANGANA",2012,3583.575,334205,0.235,80.09,1008.6,4175.93,101007,23,70,850,0.237,111692982025,37328353057665128,1,0,0,0,0,0,"South"
"146","TELANGANA",2013,3621.77,349593,0.235,80.09,1348.7,4175.93,112162,23,70,850,0.237,122215265649,42725601364030856,1,0,0,0,0,0,"South"
"147","TELANGANA",2014,3604.865,372897,0.235,80.09,746.4,3113.81,124104,23,70,850,0.237,139052172609,51852138009378272,1,0,0,0,0,0,"South"
"148","TELANGANA",2015,3551.33,416892,0.235,80.09,857.3,282.33,140840,34,70,850,0.237,173798939664,72455387554404288,1,0,0,0,0,0,"South"
"149","TELANGANA",2016,3580.91,455731,0.235,80.09,1043.4,1279.99,159395,31,70,850,0.237,207690744361,94651110618382896,1,0,0,0,0,0,"South"
"150","TELANGANA",2017,3553.40333333333,498145,0.263333333333333,80.09,815.7,1491.98,179358,29,70,850,0.237,248148441025,123613905154398624,1,0,0,0,0,0,"South"
"151","TELANGANA",2018,3549.70666666667,544441,0.263333333333333,80.09,815.7,1744.61,209848,29,70,850,0.237,296416002481,161381024806758112,1,0,0,0,0,0,"South"
"152","TELANGANA",2019,4170.37,572736,0.255,80.09,815.7,4227.92,231378,29,70,850,0.237,328026525696,187872600221024256,1,0,0,0,0,0,"South"
"153","TELANGANA",2020,5141.7925,537753,0.255,80.09,815.7,4227.92,231378,29,70,850,0.237,289178289009,155506492449456768,1,0,0,0,0,0,"South"
"154","TELANGANA",2021,2158.005,599614,0.255,80.09,815.7,4227.92,231378,29,70,850,0.237,359536948996,215583388135287552,1,0,0,0,0,0,"South"
"155","UTTAR PRADESH",2011,3385.57,645132,0.25,67.68,781.2,4227.92,32002,61,12,850,0.237,416195297424,268500904617739968,0,0,0,0,1,0,"North"
"156","UTTAR PRADESH",2012,3388.67,673552,0.25,67.68,602.7,4227.92,35812,61,10,850,0.237,453672296704,305571882789572608,0,0,0,0,1,0,"North"
"157","UTTAR PRADESH",2013,3388.01,707469,0.25,67.68,1041.4,4227.92,40124,61,10,850,0.237,500512385961,354096997183442688,0,0,0,0,1,0,"North"
"158","UTTAR PRADESH",2014,3387.385,729686,0.25,67.68,701.2,1247.69,42267,61,10,1288,0.237,532441658596,388515224094280832,0,0,0,0,1,0,"North"
"159","UTTAR PRADESH",2015,3384.895,792049,0.25,67.68,603.3,935.08,47118,46,10,1288,0.363,627341618401,496885301512893632,0,0,0,0,1,0,"North"
"160","UTTAR PRADESH",2016,3388.57,888453,0.25,67.68,871.7,1175.56,52671,43,10,1288,0.363,789348733209,701299250065735680,0,0,0,0,1,0,"North"
"161","UTTAR PRADESH",2017,3394.375,922458,0.25,67.68,695,1486.69,57944,41,62,1288,0.363,850928761764,784946043719295872,0,0,0,0,1,0,"North"
"162","UTTAR PRADESH",2018,3382.715,949184,0.25,67.68,695,1176.36,62350,41,48,1288,0.363,900950265856,855167577146261504,0,0,0,0,1,0,"North"
"163","UTTAR PRADESH",2019,2534.71666666667,980106,0.26,67.68,695,839.01,65666,41,48,979,0.363,960607771236,941497440235031040,0,0,0,0,1,0,"North"
"164","UTTAR PRADESH",2020,2641.29333333333,910011,0.26,67.68,695,839.01,65666,41,48,979,0.363,828120020121,753598327630331392,0,0,0,0,1,0,"North"
"165","UTTAR PRADESH",2021,1092.35333333333,948839,0.26,67.68,695,839.01,65666,41,48,979,0.363,900295447921,854235432509913728,0,0,0,0,1,0,"North"
"166","UTTARAKHAND",2011,9555.12,101960,0.2,78.82,1564.7,839.01,100314,38,26,979,0.363,10395841600,1059960009536000,0,0,0,0,1,0,"North"
"167","UTTARAKHAND",2012,9479.7,109528,0.2,78.82,1223.9,839.01,113654,38,27,979,0.363,11996382784,1313939813565952,0,0,0,0,1,0,"North"
"168","UTTARAKHAND",2013,9569.5,117778,0.2,78.82,1735.4,839.01,126356,38,27,979,0.363,13871657284,1633776051594952,0,0,0,0,1,0,"North"
"169","UTTARAKHAND",2014,9503.4,125702,0.2,78.82,1287.4,11439.22,136099,38,27,74,0.363,15800992804,1986216397448408,0,0,0,0,1,0,"North"
"170","UTTARAKHAND",2015,9487.3,136144,0.2,78.82,1247.6,12765.92,147936,34,27,74,0.254,18535188736,2523454735273984,0,0,0,0,1,0,"North"
"171","UTTARAKHAND",2016,9436.3,150303,0.2,78.82,1308.6,13281.53,161752,38,27,74,0.254,22590991809,3395493841868127,0,0,0,0,1,0,"North"
"172","UTTARAKHAND",2017,9470.6,162205,0.2,78.82,1476,13983.61,180858,32,67,74,0.254,26310462025,4267688492765125,0,0,0,0,1,0,"North"
"173","UTTARAKHAND",2018,9495.95,166519,0.2,78.82,1476,13741.12,186207,32,53,74,0.254,27728577361,4617334973576359,0,0,0,0,1,0,"North"
"174","UTTARAKHAND",2019,5410.81,166351,0.25,78.82,1476,12940.62,188441,32,53,52,0.254,27672655201,4603373865341551,0,0,0,0,1,0,"North"
"175","UTTARAKHAND",2020,5895.19,156792,0.25,78.82,1476,12940.62,188441,32,53,52,0.254,24583731264,3854532392345088,0,0,0,0,1,0,"North"
"176","UTTARAKHAND",2021,2375.89,167487,0.25,78.82,1476,12940.62,188441,32,53,52,0.254,28051895169,4698327766170303,0,0,0,0,1,0,"North"
"177","WEST BENGAL",2011,1450.625,473205,0.245,76.26,2418.7,12940.62,51543,31,17,52,0.254,223922972025,105961469977090128,0,0,0,0,0,1,"East"
"178","WEST BENGAL",2012,1439.95,492901,0.245,76.26,2632.2,12940.62,58195,31,28,52,0.254,242951395801,119750985941708704,0,0,0,0,0,1,"East"
"179","WEST BENGAL",2013,1470.33,503952,0.245,76.26,2406.1,12940.62,65932,31,28,52,0.254,253967618304,127987489179537408,0,0,0,0,0,1,"East"
"180","WEST BENGAL",2014,1453.66,515702,0.245,76.26,2322.6,2287.85,68876,31,28,472,0.254,265948552804,137150200578128416,0,0,0,0,0,1,"East"
"181","WEST BENGAL",2015,1424.03,546988,0.245,76.26,2518.6,2132.87,75992,26,28,472,0.312,299195872144,163656551712302272,0,0,0,0,0,1,"East"
"182","WEST BENGAL",2016,1440.21,584911,0.245,76.26,2624.8,2839.28,82291,25,28,472,0.312,342120877921,200110264825650016,0,0,0,0,0,1,"East"
"183","WEST BENGAL",2017,1470.58,623787,0.245,76.26,2684.9,2278.45,91401,24,43,472,0.312,389110221369,242721897657104416,0,0,0,0,0,1,"East"
"184","WEST BENGAL",2018,1456.145,659288,0.245,76.26,2684.9,2919.81,103944,24,40,472,0.312,434660666944,286566561788175872,0,0,0,0,0,1,"East"
"185","WEST BENGAL",2019,1446.43,697554,0.245,76.26,2684.9,2706.04,113163,24,40,466,0.312,486581582916,339416929489387456,0,0,0,0,0,1,"East"
"186","WEST BENGAL",2020,1475.88,706648,0.245,76.26,2684.9,2706.04,113163,24,40,466,0.312,499351395904,352865665212769792,0,0,0,0,0,1,"East"
"187","WEST BENGAL",2021,599.595,NA,0.245,76.26,2684.9,2706.04,113163,24,40,466,0.312,NA,NA,0,0,0,0,0,1,"East"
